,Country.Name,gallup.median.income,Country.Code,Obs.GDP.growth,Pro.GDP.growth,digi.read.score,digi.math.score,Math.pisa2012,Reading.pisa2012,Science.pisa2012,Share.Top.Mathers.pisa2012,City.name,citigroup2025.score,income,gdp_obs,gdp_proj,digi_read,digi_math,pisa_math,pisa_read,pisa_sci,top_mathers,citi_score
0,Afghanistan,4121.0,AFG,15.17919507,5.05,,,,,,,,,26.7455600874778,112.6522491993901,120.28895729127898,,,,,,,
1,Albania,7314.0,ALB,16.8244577,3.5,,,394.3293334,393.96425189999997,397.37321360000004,0.7971718640000001,,,47.46833935448013,124.86254987333774,83.36858426128246,,,83.180677393809,82.39416478779914,82.51168563186552,7.333653324320924,
2,Algeria,7849.0,DZA,12.91818272,3.95,,,,,,,,,50.94052441800856,95.87216794208409,94.08740223773307,,,,,,,
3,All OECD Countries,,OCD,11.59495404,2.322795352,,,,,,,,,,86.05183910911785,55.32804572140779,,,,,,,
4,Angola,3534.0,AGO,17.49921095,4.5,,,,,,,,,22.935891615905497,129.87022458313368,107.18817976450603,,,,,,,
5,Argentina,14432.0,ARG,4.309358114,2.399220665,,,388.4317099,395.9791227,405.632005,0.27288383,Buenos Aires,49.9,93.6646258632564,31.98185950631845,57.14846576327505,,,81.93662001285323,82.81555732765696,84.22656418022662,2.5104190167867313,96.73486389925822
6,Armenia,3865.0,ARM,19.83840669,2.85,,,,,,,,,25.0841033094156,147.23054311210768,67.88584718418716,,,,,,,
7,Australia,46555.0,,,,520.5597477,507.6992973999999,504.1507663,511.80399769999997,521.4947463000001,14.80972189,Melbourne,62.0,302.1450011823657,,,104.77753299098033,102.61555533400188,106.34664656535517,107.03931314116313,108.28462788306842,136.2433511211666,120.19161446400821
8,Australia,46555.0,,,,520.5597477,507.6992973999999,504.1507663,511.80399769999997,521.4947463000001,14.80972189,Sydney,67.3,302.1450011823657,,,104.77753299098033,102.61555533400188,106.34664656535517,107.03931314116313,108.28462788306842,136.2433511211666,130.46605892625408
9,Austria,34911.0,,,,480.01076689999996,507.3400908,505.5407432,489.60933539999996,505.7812471,14.28827246,Vienna,60.4,226.57467804269288,,,96.61589123459328,102.5429529393809,106.63985128108568,102.39749436157514,105.02183295428871,131.44623080310083,117.08989538106607
10,Azerbaijan,11446.0,AZE,20.64966722,2.65,,,,,,,,,74.28529016289029,153.25130527833167,63.121928083542436,,,,,,,
11,Bahrain,24633.0,,,,,,,,,,,,159.8697844297114,,,,,,,,,
12,Bangladesh,2819.0,BGD,20.1353338,6.7,,,,,,,Dhaka,34.9,18.29549475530209,149.43418478319234,159.59128987159787,,,,,,,67.65624749667559
13,Belarus,15085.0,BLR,18.12722848,-0.02228586,,,,,,,,,97.90263866042285,134.5310505995916,-0.5308401706414698,,,,,,,
14,Belgium,26703.0,,,,502.38324230000006,512.1476093,514.7452386,509.10804850000005,505.45745880000004,19.42339367,Brussels,61.0,173.3042200960737,,,101.11899157930976,103.51464264465011,108.58146733038818,106.47547903293366,104.95460064595359,178.687234196702,118.25304003716937
15,Belize,,BLZ,14.34776255,2.6259196069999997,,,,,,,,,,106.48178080474966,62.54834286272377,,,,,,,
16,Benin,1502.0,BEN,17.81112478,4.6560715880000005,,,,,,,,,9.7480784400368,132.18509005154988,110.9057418602118,,,,,,,
17,Bhutan,,BTN,17.06944771,7.3,,,,,,,,,,126.68074085979042,173.883047173532,,,,,,,
18,Bolivia,6399.0,BOL,9.782712101,4.153360973,,,,,,,,,41.52992938601564,72.60230311064451,98.93137835573503,,,,,,,
19,Bosnia and Herzegovina,7383.0,BIH,13.00925,2.6,,,,,,,,,47.916153876692206,96.54802287860481,61.93094830838126,,,,,,,
20,Botswana,3603.0,BWA,12.80149176,4.207191865,,,,,,,,,23.38370613811757,95.00614711261225,100.21360842875275,,,,,,,
21,Brazil,7522.0,BRA,10.62998812,1.55,435.62354510000006,420.7448801,391.45988900000003,410.1218477,404.7105293,0.753113583,Rio de Janeiro,47.6,48.81827298665567,78.89035387966696,36.920373029996526,87.68169373454433,85.04043583771865,82.5753906227796,85.77338410655544,84.03522638826276,6.928335257400896,92.27614271752888
22,Brazil,7522.0,BRA,10.62998812,1.55,435.62354510000006,420.7448801,391.45988900000003,410.1218477,404.7105293,0.753113583,Belo Horizonte,38.8,48.81827298665567,78.89035387966696,36.920373029996526,87.68169373454433,85.04043583771865,82.5753906227796,85.77338410655544,84.03522638826276,6.928335257400896,75.21668776134706
23,Brazil,7522.0,BRA,10.62998812,1.55,435.62354510000006,420.7448801,391.45988900000003,410.1218477,404.7105293,0.753113583,Porto Alegre,41.7,48.81827298665567,78.89035387966696,36.920373029996526,87.68169373454433,85.04043583771865,82.5753906227796,85.77338410655544,84.03522638826276,6.928335257400896,80.83855359917972
24,Brazil,7522.0,BRA,10.62998812,1.55,435.62354510000006,420.7448801,391.45988900000003,410.1218477,404.7105293,0.753113583,S_o Paulo,57.5,48.81827298665567,78.89035387966696,36.920373029996526,87.68169373454433,85.04043583771865,82.5753906227796,85.77338410655544,84.03522638826276,6.928335257400896,111.46802954323343
25,Bulgaria,8487.0,BGR,13.79144362,2.35,,,438.73825989999995,436.12572530000006,446.46870939999997,4.062094163,,,55.081186232085436,102.35306525378085,55.97604943257537,,,92.54839182872473,91.21186682615003,92.70601171310938,37.36959582681605,
26,Burkina Faso,1530.0,BFA,15.5943125,6.351830604,,,,,,,,,9.929800275137353,115.73303918566505,151.2980356922762,,,,,,,
27,Burundi,673.0,BDI,4.437770957,5.1,,,,,,,,,4.367814107952574,32.93487417694671,121.47993706644016,,,,,,,
28,Cambodia,2308.0,KHM,20.58334272,6.875897557,,,,,,,,,14.979071264717,152.75907864394364,163.78109852934307,,,,,,,
29,Cameroon,2075.0,CMR,15.01378487,4.785807985,,,,,,,,,13.466885994058831,111.42465900211087,113.9960103587974,,,,,,,
30,Canada,41280.0,,,,532.3050183,522.8454569,518.0785194,523.1167184,525.4609697999999,16.39707032,Vancouver,60.6,267.9099054625294,,,107.14160451824854,105.67687839714048,109.28459674887992,109.40526936449768,109.10818562520433,150.8463039049155,117.47761026643384
31,Canada,41280.0,,,,532.3050183,522.8454569,518.0785194,523.1167184,525.4609697999999,16.39707032,Montreal,57.5,267.9099054625294,,,107.14160451824854,105.67687839714048,109.28459674887992,109.40526936449768,109.10818562520433,150.8463039049155,111.46802954323343
32,Canada,41280.0,,,,532.3050183,522.8454569,518.0785194,523.1167184,525.4609697999999,16.39707032,Toronto,64.7,267.9099054625294,,,107.14160451824854,105.67687839714048,109.28459674887992,109.40526936449768,109.10818562520433,150.8463039049155,125.4257654164731
33,Cape Verde,,CPV,10.51234981,3.411540707,,,,,,,,,,78.01730230134535,81.26151968352133,,,,,,,
34,Chad,2394.0,TCD,8.765876544,5.15,,,,,,,,,15.53721690109727,65.05586787256277,122.67091684160134,,,,,,,
35,Chile,8098.0,CHL,11.00156389,3.415930654,452.1591654,432.0075183999999,422.63235539999994,441.3981633,444.9339197,1.580853913,Santiago,52.1,52.556550737295616,81.64799985795896,81.3660864453419,91.0099601038988,87.31682638936825,89.1509777058676,92.31455094865697,92.387323686581,14.543205898117586,100.99972763830367
36,China,6180.0,CHN,26.60442242,6.962349289,,,,,,,Beijing,54.9,40.10860503290774,197.44446332249953,165.84034381613614,,,,,,,106.42773603345243
37,China,6180.0,CHN,26.60442242,6.962349289,,,,,,,Chengdu,45.4,40.10860503290774,197.44446332249953,165.84034381613614,,,,,,,88.01127897848343
38,China,6180.0,CHN,26.60442242,6.962349289,,,,,,,Suzhou (Jiangsu),46.1,40.10860503290774,197.44446332249953,165.84034381613614,,,,,,,89.36828107727062
39,China,6180.0,CHN,26.60442242,6.962349289,,,,,,,Hangzhou,44.0,40.10860503290774,197.44446332249953,165.84034381613614,,,,,,,85.29727478090905
40,China,6180.0,CHN,26.60442242,6.962349289,,,,,,,Qingdao,46.4,40.10860503290774,197.44446332249953,165.84034381613614,,,,,,,89.94985340532227
41,China,6180.0,CHN,26.60442242,6.962349289,,,,,,,Guangzhou,45.2,40.10860503290774,197.44446332249953,165.84034381613614,,,,,,,87.62356409311568
42,China,6180.0,CHN,26.60442242,6.962349289,,,,,,,Tianjin,46.7,40.10860503290774,197.44446332249953,165.84034381613614,,,,,,,90.53142573337394
43,China,6180.0,CHN,26.60442242,6.962349289,,,,,,,Dalian,46.1,40.10860503290774,197.44446332249953,165.84034381613614,,,,,,,89.36828107727062
44,China,6180.0,CHN,26.60442242,6.962349289,,,,,,,Chongqing,41.0,40.10860503290774,197.44446332249953,165.84034381613614,,,,,,,79.48155150039253
45,China,6180.0,CHN,26.60442242,6.962349289,,,,,,,Shenzhen,49.4,40.10860503290774,197.44446332249953,165.84034381613614,,,,,,,95.76557668583881
46,Chinese Taipei,,,,,519.4455641,537.2560869,559.8247962,523.1189039,523.3149045,37.20050386,,,,,,104.55327168490966,108.58953714560779,118.09064613139198,109.40572644263682,108.66257062318938,342.229337385774,
47,CIS Total,,CIS,16.83880451,3.5158445260000004,,,,,,,,,,124.96902458480189,83.74599446154278,,,,,,,
48,Colombia,6544.0,COL,11.8452067,4.014330791,395.75673860000006,396.8419602,376.48860110000004,403.4025341,398.6786316,0.301502389,Medell√çn,44.4,42.47098888921493,87.90908680157604,95.61973565775548,79.65735906065771,80.2092071710574,79.41731496494741,84.36809865400676,82.78274627699143,2.7736979906512986,86.07270455164459
49,Colombia,6544.0,COL,11.8452067,4.014330791,395.75673860000006,396.8419602,376.48860110000004,403.4025341,398.6786316,0.301502389,Bogot_,45.8,42.47098888921493,87.90908680157604,95.61973565775548,79.65735906065771,80.2092071710574,79.41731496494741,84.36809865400676,82.78274627699143,2.7736979906512986,88.78670874921897
50,Comoros,3912.0,COM,7.967813916,3.722632048,,,,,,,,,25.389136389762957,59.1330538082083,88.67158959069671,,,,,,,
51,"Congo, Dem. Rep.",1988.0,ZAR,7.895390326,8.746352451,,,,,,,,,12.902250292139254,58.59556283645584,208.33457751144797,,,,,,,
52,"Congo, Rep.",2106.0,COG,15.19359751,5.978303038,,,,,,,,,13.668078025777298,112.75913676836045,142.40076016085254,,,,,,,
53,Costa Rica,8923.0,CRI,14.30924547,4.274383726,,,406.999867,440.54781069999996,429.35096749999997,0.564148634,,,57.91085480722262,106.19592666857294,101.81409137888157,,,85.85342699298711,92.13670716736402,89.15163590205644,5.1899354354849745,
54,Cote d'Ivoire,,CIV,6.506574822,7.6,,,,,,,,,,48.28848202439111,181.02892582449905,,,,,,,
55,Croatia,16231.0,HRV,7.423886057000001,1.336535,,,471.1314608,484.56503210000005,491.35658279999996,6.984301536,,,105.34025376846692,55.096298470656755,31.8357230759009,,,99.38148327181683,101.34252260884533,102.02665530936355,64.25270194627207,
56,Cuba,,CUB,14.53699028,1.032317915,,,,,,,,,,107.88613257024777,24.58939516603112,,,,,,,
57,Cyprus,18242.0,,,,,,439.6963828,448.95297869999996,437.67645899999997,3.7013,,,118.39177556801019,,,,,92.75050033321097,93.89457426804941,90.88036424575971,34.0504378981808,
58,Czech Republic,22913.0,CZE,11.72785599,2.65,,,498.9578823,492.8897382,508.2990794,12.87692223,Prague,53.9,148.70687170210599,87.03816964386898,63.121928083542436,,,105.25124844971634,103.0835618094972,105.54464269611617,118.46238908284086,104.48916160661359
59,Denmark,44360.0,,,,494.7281161,496.19396869999997,500.02675660000006,496.1308813999999,498.47420139999997,9.973092083,Copenhagen,63.0,287.8993073235902,,,99.57817855733776,100.29011249825861,105.47671909263363,103.76141845672781,103.5045775453648,91.74834588523765,122.13018889084705
60,Developing Countries,,DEV,8.199072413,5.269108771,,,,,,,,,,60.8493365039231,125.50803958770742,,,,,,,
61,Djibouti,,DJI,7.335109697999999,7.05,,,,,,,,,,54.43744558214962,167.9281482977261,,,,,,,
62,Dominica,,DMA,6.0252861410000005,1.5527799999999998,,,,,,,,,,44.716602739697414,36.986591505495475,,,,,,,
63,Dominican Republic,6302.0,DOM,19.87056147,4.068472423,,,,,,,,,40.90039302870301,147.46917950045415,96.90936743187987,,,,,,,
64,East Asia & Pacific,,EAP,19.29622177,6.645330663999999,,,,,,,,,,143.20672297946402,158.28908840164803,,,,,,,
65,ECA Transition countries,,ESU,7.1565998010000005,3.236702999,,,,,,,,,,53.11263611045731,77.09695620025062,,,,,,,
66,ECA: Central and Eastern Europe,,CEE,5.975279544,2.8944148039999997,,,,,,,,,,44.34547926438276,68.9437898498221,,,,,,,
67,Ecuador,6858.0,ECU,7.510302167000001,3.595836981,,,,,,,,,44.508869468556846,55.73763479406971,85.65138238295259,,,,,,,
68,"Egypt, Arab Rep.",3111.0,EGY,17.66799011,4.660515,,,,,,,Alexandria,34.6,20.190593892779283,131.12281748442408,111.01158213670597,,,,,,,67.07467516862394
69,"Egypt, Arab Rep.",3111.0,EGY,17.66799011,4.660515,,,,,,,Cairo,38.5,20.190593892779283,131.12281748442408,111.01158213670597,,,,,,,74.63511543329543
70,El Salvador,4828.0,SLV,10.35101842,2.517487819,,,,,,,,,31.334036423766758,76.81998295297731,59.96554153287249,,,,,,,
71,Equatorial Guinea,,GNQ,16.74576795,3.6697044489999997,,,,,,,,,,124.27855465583393,87.41087559155989,,,,,,,
72,Eritrea,,ERI,4.763263815,2.055201456,,,,,,,,,,35.35051627015012,48.95406735955611,,,,,,,
73,Estonia,12577.0,,,,522.840431,516.0901527999999,520.5455217,516.2941843,541.4047562000001,14.59858898,,,81.62555428784476,,,105.23658571406071,104.31150467056347,109.80499151808651,107.97839625051662,112.4187980323674,134.3010151742784,
74,Ethiopia,,ETH,23.68829606,9.473496225,,,,,,,,,,175.80245978484882,225.65484808081538,,,,,,,
75,Euro area (17),,EMU,10.47306906,1.709938184,,,,,,,,,,77.72578059565987,40.73003587839666,,,,,,,
76,Europe & Central Asia,,ECA,6.864868989,3.50224544,,,,,,,,,,50.947558714652786,83.42206973380922,,,,,,,
77,Fiji,,FJI,4.265829162,2.5,,,,,,,,,,31.658809810634402,59.548988758058904,,,,,,,
78,Finland,34615.0,,,,,,518.7503353,524.0216697,545.44194,15.25210592,,,224.6536186430585,,,,,109.42631103922729,109.59453198458957,113.25709016969043,140.31310227364327,
79,France,31112.0,,,,510.9363276,508.058687,494.9846743,505.4814834,498.9708942,12.89139553,Paris,67.0,201.91891905887144,,,102.8405445444689,102.68819471635702,104.41313141181581,105.71701477882429,103.60771222774041,118.59553749092228,129.88448659820241
80,France,31112.0,,,,510.9363276,508.058687,494.9846743,505.4814834,498.9708942,12.89139553,Monaco,52.1,201.91891905887144,,,102.8405445444689,102.68819471635702,104.41313141181581,105.71701477882429,103.60771222774041,118.59553749092228,100.99972763830367
81,Gabon,,GAB,5.10773444,5.349175335,,,,,,,,,,37.90700167734172,127.41519275552038,,,,,,,
82,"Gambia, The",,GMB,18.76378973,5.631025889,,,,,,,,,,139.25528375128235,134.12875894415984,,,,,,,
83,Georgia,2591.0,GEO,11.66010803,4.0,,,,,,,,,16.815759812340445,86.53537881487739,95.27838201289424,,,,,,,
84,Germany,33233.0,,,,,,513.5250558,507.6765298,524.1207992999999,17.45552429,Berlin,57.7,215.68434806773834,,,,,108.32407934716828,106.17608946371315,108.82990887376629,160.58364515625095,111.8557444286012
85,Germany,33233.0,,,,,,513.5250558,507.6765298,524.1207992999999,17.45552429,Frankfurt,62.0,215.68434806773834,,,,,108.32407934716828,106.17608946371315,108.82990887376629,160.58364515625095,120.19161446400821
86,Germany,33233.0,,,,,,513.5250558,507.6765298,524.1207992999999,17.45552429,Hamburg,55.7,215.68434806773834,,,,,108.32407934716828,106.17608946371315,108.82990887376629,160.58364515625095,107.9785955749235
87,Ghana,2050.0,GHA,16.39449437,6.845895667000001,,,,,,,,,13.304634355576193,121.67158118399738,163.06646564521088,,,,,,,
88,Greece,17777.0,,,,,,452.97342689999994,477.19717649999996,466.7220295,3.9022269819999997,Athens,47.3,115.37389509223314,,,,,95.55118856125408,99.80160029035738,96.91146775266752,35.898883504497476,91.69457038947722
89,Grenada,,GRD,6.072831373,0.5561725470000001,,,,,,,,,,45.06945921850322,13.247805099537596,,,,,,,
90,Guatemala,4516.0,GTM,13.29390468,3.8981986930000003,,,,,,,,,29.30913597550346,98.66058482930467,92.85351605845477,,,,,,,
91,Guinea,,GIN,11.16616599,2.4126867919999997,,,,,,,,,,82.86959274891473,57.46922346141007,,,,,,,
92,Guinea-Bissau,,GNB,12.91417403,3.9173701210000003,,,,,,,,,,95.8424174880738,93.31017171863395,,,,,,,
93,Guyana,,GUY,7.1611220079999995,3.918015,,,,,,,,,,53.14619762590959,93.32553247556247,,,,,,,
94,Haiti,2735.0,HTI,6.998678352000001,3.172984865,,,,,,,,,17.750329250000433,51.940623606195004,75.57921602215042,,,,,,,
95,High Income Countries,,HIY,12.26083894,2.278209939,,,,,,,,,,90.99369744527999,54.26603921840362,,,,,,,
96,High income: OECD,,HYO,11.5983595,2.225475709,,,,,,,,,,86.07711269752551,53.009931190629665,,,,,,,
97,Honduras,4848.0,HND,14.03864161,3.390140295,,,,,,,,,31.463837734552868,104.18764274241894,80.751770526079,,,,,,,
98,Hong Kong-China,35443.0,CHN,26.60442242,6.962349289,549.8138853999999,549.6368150000001,561.2410965,544.600086,554.9374343999999,33.70570796,Hong Kong,68.1,230.0273929096034,197.44446332249953,165.84034381613614,110.6657646330298,111.09191462756802,118.38940356171368,113.89832710182908,115.22876118836305,310.0786522860072,132.01691846772513
99,Hungary,12445.0,HUN,12.56308941,2.573304346,450.25871490000003,469.8426691000001,477.04445499999997,488.46133399999997,494.30235120000003,9.264176722,Budapest,54.0,80.76886563665646,93.23684638104717,61.29506862840724,90.62744010337771,94.96402034868406,100.62878298127755,102.1573999467341,102.6383229000476,85.22661609440824,104.68301904929747
100,India,3168.0,IND,19.70355481,7.95,,,,,,,Kolkata,38.1,20.560527628519694,146.2297411907469,189.3657842506273,,,,,,,73.8596856625599
101,India,3168.0,IND,19.70355481,7.95,,,,,,,Chennai,39.7,20.560527628519694,146.2297411907469,189.3657842506273,,,,,,,76.96140474550204
102,India,3168.0,IND,19.70355481,7.95,,,,,,,Ahmedabad,39.2,20.560527628519694,146.2297411907469,189.3657842506273,,,,,,,75.99211753208262
103,India,3168.0,IND,19.70355481,7.95,,,,,,,Pune,40.9,20.560527628519694,146.2297411907469,189.3657842506273,,,,,,,79.28769405770865
104,India,3168.0,IND,19.70355481,7.95,,,,,,,Hyderabad,40.6,20.560527628519694,146.2297411907469,189.3657842506273,,,,,,,78.706121729657
105,India,3168.0,IND,19.70355481,7.95,,,,,,,Mumbai,54.3,20.560527628519694,146.2297411907469,189.3657842506273,,,,,,,105.26459137734912
106,India,3168.0,IND,19.70355481,7.95,,,,,,,Delhi,53.3,20.560527628519694,146.2297411907469,189.3657842506273,,,,,,,103.3260169505103
107,India,3168.0,IND,19.70355481,7.95,,,,,,,Bangalore,43.6,20.560527628519694,146.2297411907469,189.3657842506273,,,,,,,84.52184501017352
108,Indonesia,2199.0,IDN,14.48474427,5.530175,,,375.1144517,396.1200945,381.9114849,0.275681178,Surabaya,35.8,14.271654120932705,107.49838931304265,131.72653156203936,,,79.12744893609596,82.8450403420767,79.30116903397575,2.5361534680210545,69.40096448083054
109,Indonesia,2199.0,IDN,14.48474427,5.530175,,,375.1144517,396.1200945,381.9114849,0.275681178,Jakarta,48.1,14.271654120932705,107.49838931304265,131.72653156203936,,,79.12744893609596,82.8450403420767,79.30116903397575,2.5361534680210545,93.2454299309483
110,Indonesia,2199.0,IDN,14.48474427,5.530175,,,375.1144517,396.1200945,381.9114849,0.275681178,Bandung,37.4,14.271654120932705,107.49838931304265,131.72653156203936,,,79.12744893609596,82.8450403420767,79.30116903397575,2.5361534680210545,72.50268356377269
111,"Iran, Islamic Rep.",12046.0,IRN,13.4655872,2.0,,,,,,,,,78.17932948647356,99.93472498871559,47.63919100644712,,,,,,,
112,Iraq,4917.0,IRQ,5.293747691,5.7,,,,,,,,,31.911652256764945,39.287497218074016,135.7716943683743,,,,,,,
113,Ireland,25085.0,,,,520.146977,493.0770118,501.4974602,523.1732102,522.0039592,10.65308415,Dublin,61.4,162.80329405347746,,,104.69445108572728,99.66011701691042,105.78695247202417,109.41708412854267,108.39036227403011,98.00399326552002,119.02846980790491
114,Israel,30364.0,,,,460.9890153,446.6115853999999,466.4814301,485.8032124,470.0726618,9.367115673999999,Tel Aviv,56.1,197.064350035471,,,92.78721985801994,90.26858238551505,98.40059579841233,101.60147714896715,97.60720241606097,86.17361212077189,108.75402534565906
115,Italy,20085.0,,,,504.13219410000005,498.75557589999994,485.32118099999997,489.7544033,493.5414818,9.923158842000001,Rome,49.8,130.35296635695016,,,101.47101813482774,100.80786138371447,102.37469335864373,102.42783403935142,102.48033384947483,91.2889806023032,96.54100645657434
116,Italy,20085.0,,,,504.13219410000005,498.75557589999994,485.32118099999997,489.7544033,493.5414818,9.923158842000001,Milan,53.0,130.35296635695016,,,101.47101813482774,100.80786138371447,102.37469335864373,102.42783403935142,102.48033384947483,91.2889806023032,102.74444462245864
117,Jamaica,,JAM,4.973061,2.352573949,,,,,,,,,,36.907524046712716,56.0373598566013,,,,,,,
118,Japan,33822.0,JPN,4.204040025,1.45,544.7702391,539.0111812999999,536.4069182,538.0514847999999,546.7355997999999,23.67060981,Nagoya,48.6,219.50699667038927,31.20024232882529,34.53841347967416,109.65058660797507,108.94427465941155,113.15082859773247,112.52874464910607,113.52570930927747,217.75987608339616,94.21471714436774
119,Japan,33822.0,JPN,4.204040025,1.45,544.7702391,539.0111812999999,536.4069182,538.0514847999999,546.7355997999999,23.67060981,Osaka,54.5,219.50699667038927,31.20024232882529,34.53841347967416,109.65058660797507,108.94427465941155,113.15082859773247,112.52874464910607,113.52570930927747,217.75987608339616,105.65230626271689
120,Japan,33822.0,JPN,4.204040025,1.45,544.7702391,539.0111812999999,536.4069182,538.0514847999999,546.7355997999999,23.67060981,Tokyo,68.0,219.50699667038927,31.20024232882529,34.53841347967416,109.65058660797507,108.94427465941155,113.15082859773247,112.52874464910607,113.52570930927747,217.75987608339616,131.82306102504126
121,Japan,33822.0,JPN,4.204040025,1.45,544.7702391,539.0111812999999,536.4069182,538.0514847999999,546.7355997999999,23.67060981,Fukuoka,49.2,219.50699667038927,31.20024232882529,34.53841347967416,109.65058660797507,108.94427465941155,113.15082859773247,112.52874464910607,113.52570930927747,217.75987608339616,95.37786180047104
122,Jordan,8276.0,JOR,16.03583044,3.95,,,385.59555639999996,399.03474710000006,409.3672147,0.562581487,,,53.711782403291984,119.00976030121242,94.08740223773307,,,81.33835569584508,83.45461434648294,85.0021535707227,5.175518327549701,
123,Kazakhstan,7492.0,KAZ,20.71913891,3.482578447,,,431.7984085,392.73623330000004,424.70752300000004,0.935586823,Almaty,38.3,48.623571020476504,153.76688875282366,82.95360991578448,,,91.08448465375733,82.13733547802572,88.18745809711088,8.60701402613076,74.24740054792764
124,Kenya,1870.0,KEN,8.894048405,6.525509003,,,,,,,Nairobi,36.9,12.13642255850121,66.00709409761197,155.43498490410366,,,,,,,71.53339635035327
125,Kiribati,,KIR,12.96149266,0.9,,,,,,,,,,96.19359224233129,21.437635952901203,,,,,,,
126,Kuwait,40854.0,,,,,,,,,,Kuwait City,51.7,265.1451375427853,,,,,,,,,100.22429786756814
127,Kyrgyz Republic,4034.0,KGZ,17.26172796,3.6,,,,,,,,,26.180924385558225,128.10774687290447,85.75054381160481,,,,,,,
128,LAC excl. Argentina,,LXA,10.62451627,2.416264753,,,,,,,,,,78.8497445978876,57.55444904515639,,,,,,,
129,LAC: Caribbean,,LAI,14.86665301,3.652807132,,,,,,,,,,110.33272132811341,87.00838833553016,,,,,,,
130,LAC: Central America,,LAA,13.30946724,3.490556268,,,,,,,,,,98.7760822176191,83.14363838500162,,,,,,,
131,"Lao, PDR",3379.0,LAO,22.39167234,7.002815507,,,,,,,,,21.92993145731315,166.17957940484982,166.80423276044144,,,,,,,
132,Latin America & Caribbean,,LAC,9.719513349,2.4,,,,,,,,,,72.13327418476521,57.16702920773654,,,,,,,
133,Latvia,10461.0,,,,,,490.57102139999995,488.6944138,502.1861921,7.987413071000001,,,67.89257560667441,,,,,103.48210597975458,102.2061465407646,104.27534567775109,73.48091555431961,
134,Lebanon,13004.0,LBN,6.4835567560000005,2.5,,,,,,,Beirut,32.4,84.39681227312819,48.117653670505284,59.548988758058904,,,,,,,62.80981142957849
135,Lesotho,,LSO,13.21857782,4.489647477,,,,,,,,,,98.10154726736577,106.9415868542082,,,,,,,
136,Liberia,781.0,LBR,13.06185755,3.9,,,,,,,,,5.068741186197564,96.93844930141837,92.89642246257188,,,,,,,
137,Libya,6398.0,LBY,9.606870309,12.97129082,,,,,,,,,41.52343932047633,71.29729495436872,308.9709004870771,,,,,,,
138,Lithuania,12375.0,,,,,,478.8232774,477.30661150000003,495.70008640000003,8.061096837000001,,,80.31456104890506,,,,,101.00401160279426,99.8244876599095,102.92855254681761,74.15877590022161,
139,Low Income,,LIC,11.296672099999999,6.6,,,,,,,,,,83.8381425803099,157.20933032127547,,,,,,,
140,Luxembourg,52493.0,,,,,,489.84509800000006,487.80704280000003,491.21517570000003,11.23068808,,,340.6830103547615,,,,,103.32897813702633,102.02056068608543,101.99729314356578,103.31771189092467,
141,Macao-China,,,,,515.2603452999999,542.8962012999999,538.1344947000001,508.94925539999997,520.5708753,24.33725132,,,,,,103.71087673826045,109.72951010650655,113.51524729892472,106.4422688500669,108.09279272431228,223.89270382948663,
142,"Macedonia, FYR",8606.0,MKD,14.13140547,3.9,,,,,,,,,55.85350403126279,104.87608883097805,92.89642246257188,,,,,,,
143,Madagascar,1013.0,MDG,15.88034629,4.868224875,,,,,,,,,6.574436391316431,117.85583618787302,115.9591473412311,,,,,,,
144,Malawi,,MWI,10.49043906,5.770227407999999,,,,,,,,,,77.85469188242901,137.44448282017413,,,,,,,
145,Malaysia,11207.0,MYS,21.620324399999998,5.037709895,,,420.5129676,398.1960598,419.5026485,1.343437816,Kuala Lumpur,58.9,72.7341644989963,160.45502813875189,119.99621196148684,,,88.70390948666073,83.27921026027875,87.10670339649431,12.359075439379584,114.1820337408078
146,Maldives,,MDV,14.57216124,5.0,,,,,,,,,,108.14715350925212,119.09797751611781,,,,,,,
147,Mali,1983.0,MLI,12.25292297,5.147656598999999,,,,,,,,,12.869799964442727,90.93494915059227,122.61509797767947,,,,,,,
148,Malta,21141.0,,,,,,,,,,,,137.20647556645673,,,,,,,,,
149,Marshall Islands,,MHL,12.96163448,2.5,,,,,,,,,,96.19464475808776,59.548988758058904,,,,,,,
150,Mauritania,6679.0,MRT,14.27929729,5.653199705,,,,,,,,,43.34714773702116,105.97366654075522,134.65693027204276,,,,,,,
151,Mauritius,,MUS,17.37493675,3.690100466,,,,,,,,,,128.9479248114466,87.89670046637677,,,,,,,
152,Mexico,11680.0,MEX,13.20634379,3.350879271,,,413.2814667,423.55376179999996,414.9201477,0.6275548089999999,Guadalajara,35.0,75.80396549908777,98.01075253220905,79.81658881535665,,,87.17848113911812,88.58255102572016,86.15518011189268,5.773246170685764,67.85010493935948
153,Mexico,11680.0,MEX,13.20634379,3.350879271,,,413.2814667,423.55376179999996,414.9201477,0.6275548089999999,Mexico City,49.0,75.80396549908777,98.01075253220905,79.81658881535665,,,87.17848113911812,88.58255102572016,86.15518011189268,5.773246170685764,94.99014691510327
154,Mexico,11680.0,MEX,13.20634379,3.350879271,,,413.2814667,423.55376179999996,414.9201477,0.6275548089999999,Monterrey,39.7,75.80396549908777,98.01075253220905,79.81658881535665,,,87.17848113911812,88.58255102572016,86.15518011189268,5.773246170685764,76.96140474550204
155,"Micronesia, Fed. Sts.",,FSM,8.940457175,0.7,,,,,,,,,,66.3515163346916,16.673716852256494,,,,,,,
156,Middle East & N. Africa,,MNA,9.577246502000001,3.7628442769999997,,,,,,,,,,71.07744215762892,89.62942861975971,,,,,,,
157,Middle East and North Africa Oil exporters,,MOX,9.594896391,3.271344885,,,,,,,,,,71.20843063790079,77.9221119122394,,,,,,,
158,Middle East and North Africa Oil importers,,MOM,10.01864511,4.460251003,,,,,,,,,,74.35327765189402,106.24137473430717,,,,,,,
159,MNA: GCC COUNTRIES,,GCC,15.80038213,3.6870755510000004,,,,,,,,,,117.26238294889701,87.82464821464514,,,,,,,
160,MNA: MENA REGION:Geographic,,GRM,12.87944086,3.834409293,,,,,,,,,,95.58464560331439,91.33407835306144,,,,,,,
161,"Moldova, Rep.",4158.0,MDA,8.817470562999999,2.719626618,,,,,,,,,26.985692512432102,65.43877238487602,64.7804059605599,,,,,,,
162,Mongolia,5922.0,MNG,13.48251018,4.05,,,,,,,,,38.43416812376693,100.06031872088417,96.46936178805542,,,,,,,
163,Montenegro,11519.0,MNE,8.719993009,2.884149246,,,409.6266133,422.1113543000001,410.0976023,1.041747497,,,74.75906494725959,64.7153436619487,68.69926841064724,,,86.40751850500264,88.28088415956928,85.15381329507764,9.583648570011563,
164,Morocco,6634.0,MAR,9.000789683999999,4.9,,,,,,,,,43.05509478775242,66.79927346590635,116.71601796579544,,,,,,,
165,Mozambique,,MOZ,16.540825599999998,7.260753543,,,,,,,,,,122.75757699020404,172.94821244285734,,,,,,,
166,Myanmar,,MMR,13.60566081,8.1,,,,,,,,,,100.97427992869818,192.93872357611085,,,,,,,
167,Namibia,,NAM,13.73791694,5.179704763,,,,,,,,,,101.95581751657419,123.37847228078047,,,,,,,
168,Nepal,2718.0,NPL,18.85898593,5.0,,,,,,,,,17.63999813583224,139.96178142759393,119.09797751611781,,,,,,,
169,Netherlands,38584.0,,,,,,522.9717582,511.2299652,522.0558217,19.25078776,Amsterdam,63.8,250.41268876856185,,,,,110.31678706179481,106.91925928305177,108.4011311486035,177.0993308061868,123.68104843231814
170,New Zealand,35562.0,,,,,,499.7499028,512.1867933,515.6363187,15.00081127,Auckland,56.0,230.7997107087808,,,,,105.4183189568271,107.11937148045239,107.06816758860369,138.00129483464343,108.56016790297515
171,Nicaragua,6488.0,NIC,16.47183054,4.255122082,,,,,,,,,42.10754521901382,122.2455308206408,101.35528681007446,,,,,,,
172,Niger,2708.0,NER,5.122396025,6.588767011,,,,,,,,,17.575097480439187,38.015812488419726,156.94176506700336,,,,,,,
173,Nigeria,2667.0,NGA,17.04818425,5.2738730380000005,,,,,,,Lagos,29.0,17.309004793327663,126.52293429733999,125.62152250051679,,,,,,,56.218658378326424
174,Norway,51489.0,,,,499.74099400000006,497.5644654,489.3730703,503.936686,494.5239347,9.399487351,Oslo,60.8,334.1669845532988,,,100.58716356216704,100.5671155996498,103.22940759913075,105.39393396393942,102.68433311781635,86.4714182368253,117.86532515180158
175,Oman,,OMN,14.45819875,3.55,,,,,,,Muscat,51.4,,107.30138199345969,84.55956403644363,,,,,,,99.64272553951649
176,Pakistan,4060.0,PAK,17.85677679,4.1,,,,,,,Karachi,37.0,26.349666089580165,132.52389600161882,97.66034156321659,,,,,,,71.72725379303716
177,Palau,,PLW,5.5,2.9,,,,,,,,,,40.81819673173522,69.07682695934832,,,,,,,
178,Panama,8356.0,PAN,15.4824809,6.449107055,,,,,,,,,54.230987646436425,114.90308204936966,153.61512140708533,,,,,,,
179,Papua New Guinea,,PNG,7.724105825,3.7,,,,,,,,,,57.32437657119854,88.13250336192718,,,,,,,
180,Paraguay,6179.0,PRY,4.951646789,4.094274831,,,,,,,,,40.102114967368436,36.74859868717582,97.523970353449,,,,,,,
181,Peru,5161.0,PER,11.01006187,4.9651436239999995,,,368.10254710000004,384.1512235,373.1134484,0.5727384670000001,Lima,48.0,33.49522824835548,81.71106753422484,118.26771273908952,,,77.64834270420647,80.34185604364897,77.47432012463679,5.268958366650307,93.05157248826443
182,Philippines,2401.0,PHL,15.21398432,6.43041,,,,,,,Manila,47.1,15.582647359872409,112.91043728132635,153.16976511988383,,,,,,,91.30685550410946
183,Poland,15338.0,POL,15.56574294,3.6319718830000003,476.8495312,489.03816910000006,517.5010968,518.1868804999999,525.8164454,16.7355962,Warsaw,55.8,99.54462524186715,115.52101047282521,86.51210113214121,95.97960216439051,98.84379111555577,109.16279398417976,108.37423704531955,109.18199757314939,153.96060278743434,108.17245301760738
184,Poland,15338.0,POL,15.56574294,3.6319718830000003,476.8495312,489.03816910000006,517.5010968,518.1868804999999,525.8164454,16.7355962,Krakow,45.3,99.54462524186715,115.52101047282521,86.51210113214121,95.97960216439051,98.84379111555577,109.16279398417976,108.37423704531955,109.18199757314939,153.96060278743434,87.81742153579954
185,Portugal,16186.0,,,,485.88894270000003,489.03184789999995,487.0631813,487.75768719999996,489.27473200000003,10.63382402,Lisbon,53.1,105.04820081919817,,,97.79904218226554,98.84251348241406,102.74215464721908,102.0102383956238,101.59437398575386,97.8268079899477,102.93830206514252
186,Qatar,26555.0,,,,,,376.4483986,387.5041309,383.6425534,2.019782495,Doha,61.1,172.34369039625648,,,,,79.40883456316219,81.04308719216434,79.66061293958083,18.581168349993295,118.44689747985326
187,Romania,7322.0,ROM,8.255284475,3.363834191,,,444.55424280000005,437.5994883,438.7680562,3.1775056310000003,Bucharest,46.9,47.520259878794576,61.266513777634465,80.12516976953327,,,93.7752277659896,91.52009141986515,91.10702654185924,29.231745105634594,90.9191406187417
188,Russian Federation,11724.0,RUS,13.54831886,1.622076298,465.5865245,489.1465076,482.16941569999994,475.14937410000005,486.29549000000003,7.790212962999999,,,76.0895283828172,100.54871720213796,38.63720129372633,93.71260003581453,98.86568835945288,101.70985320997956,99.37332039545649,100.97575584313114,71.6667556561842,
189,Rwanda,1101.0,RWA,24.81576583,7.216775665,,,,,,,,,7.145562158775311,184.1699657632023,171.90067717780724,,,,,,,
190,Samoa,,WSM,14.05680732,-0.307,,,,,,,,,,104.32245938324651,-7.312615819489634,,,,,,,
191,Sao Tome and Principe,,STP,8.213799576,2.25,,,,,,,,,,60.958634001492975,53.594089882253016,,,,,,,
192,SAS less India,,SAI,13.73321133,5.85,,,,,,,,,,101.92089487753367,139.34463369385784,,,,,,,
193,Saudi Arabia,24986.0,SAU,12.8393235,4.2,,,,,,,Riyadh,45.3,162.16077756508622,95.2869150046166,100.04230111353895,,,,,,,87.81742153579954
194,Senegal,3897.0,SEN,14.91161967,5.106371956,,,,,,,,,25.291785406673377,110.66644095979503,121.63171448092451,,,,,,,
195,Serbia,8921.0,SRB,12.17139904,1.75,,,448.85913020000004,446.1301955,444.8041109,4.570901226,,,57.89787467614401,90.32992009366787,41.68429213064123,,,94.68330996963546,93.30421394215857,92.3603698242388,42.05041156745779,
196,Seychelles,,SYC,7.697206772,3.725009963,,,,,,,,,,57.12474550988013,88.72823056413776,,,,,,,
197,Shanghai-China,6180.0,CHN,26.60442242,6.962349289,531.2754143999999,562.2601862,612.6755363,569.5884077000001,580.1178308,55.42335095,Shanghai,57.3,40.10860503290774,197.44446332249953,165.84034381613614,106.934367295093,113.6433348334043,129.2390948769555,119.12441522020727,120.45728913321334,509.87203675250726,111.08031465786566
198,Sierra Leone,2330.0,SLE,14.01776674,8.65,,,,,,,,,15.12185270658172,104.03272009688995,206.0395011028838,,,,,,,
199,Singapore,32360.0,,,,566.9764392999999,566.0231405000001,573.4683143,542.2158342,551.4931566,40.03930883,Singapore,71.2,210.0185208519247,,,114.1202193145759,114.40389851188179,120.96863917291265,113.39968176850917,114.51358171139792,368.34517569556573,138.02649919092556
200,Slovakia,17415.0,SVK,5.990375166000001,2.95,474.2645778,497.34340360000004,481.64474400000006,462.7670328,471.1931773,10.96664346,,,113.02449136700459,44.457511276852564,70.2678067345095,95.45930638403999,100.52243486149177,101.59917783353963,96.78366241351873,97.83986938886478,100.88860997115086,
201,Slovenia,25969.0,SVN,14.48031895,2.25,471.2751058999999,486.94303909999996,501.12742239999994,481.3162835,514.142555,13.71346843,,,168.54051199022348,107.46554684352247,53.594089882253016,94.85758968963208,98.4203260259881,105.70889590291246,100.66307535897027,106.7579983154761,126.15827010628105,
202,Solomon Islands,,SLB,4.048494866,3.4700349999999998,,,,,,,,,,30.04586543778328,82.65483008202837,,,,,,,
203,Somalia,,SOM,1.138933776,-0.742037842,,,,,,,,,,8.45258598785201,-17.675041244524916,,,,,,,
204,South Africa,5217.0,ZAF,12.11772522,2.202410747,,,,,,,Cape Town,47.4,33.85867191855658,89.93158035837628,52.46053312549245,,,,,,,91.88842783216111
205,South Africa,5217.0,ZAF,12.11772522,2.202410747,,,,,,,Durban,42.9,33.85867191855658,89.93158035837628,52.46053312549245,,,,,,,83.16484291138633
206,South Africa,5217.0,ZAF,12.11772522,2.202410747,,,,,,,Johannesburg,50.5,33.85867191855658,89.93158035837628,52.46053312549245,,,,,,,97.89800855536153
207,South Asia,,SAS,15.77193441,7.428606017000001,,,,,,,,,,117.05125847043716,176.94639047775271,,,,,,,
208,South Korea,40861.0,,,,555.1472384,552.5669821,553.7666591,535.7904904,537.7876215,30.90140362,Busan,54.3,265.1905680015604,,,111.73925441471013,111.68415638509606,116.81272966654859,112.05587751895546,111.66772606515892,284.28020558437026,105.26459137734912
209,South Korea,40861.0,,,,555.1472384,552.5669821,553.7666591,535.7904904,537.7876215,30.90140362,Incheon,55.8,265.1905680015604,,,111.73925441471013,111.68415638509606,116.81272966654859,112.05587751895546,111.66772606515892,284.28020558437026,108.17245301760738
210,Spain,21959.0,,,,466.13875989999997,475.0804291,484.3192978,487.93918160000004,496.44582280000003,8.00053809,Barcelona,53.6,142.51534917760858,,,93.82375319949638,96.02266993488342,102.16335396239107,102.04819635609749,103.08339933893926,73.60166033166051,103.90758927856194
211,Spain,21959.0,,,,466.13875989999997,475.0804291,484.3192978,487.93918160000004,496.44582280000003,8.00053809,Madrid,55.7,142.51534917760858,,,93.82375319949638,96.02266993488342,102.16335396239107,102.04819635609749,103.08339933893926,73.60166033166051,107.9785955749235
212,Sri Lanka,3242.0,LKA,19.82116614,6.55,,,,,,,Colombo,38.2,21.0407924784283,147.1025925372598,156.01835054611433,,,,,,,74.05354310524378
213,St. Lucia,,LCA,11.12890388,1.135435,,,,,,,,,,82.59305236043845,27.04560242020264,,,,,,,
214,St. Vincent and the Grenadines,,VCT,9.001811482,3.153035,,,,,,,,,,66.8068567298671,75.10401830750651,,,,,,,
215,Sub-Saharan Africa,,SST,11.04766454,4.8,,,,,,,,,,81.99013538544276,114.33405841547308,,,,,,,
216,Sub-Saharan Africa CFA,,SFA,7.472686006,5.773263553,,,,,,,,,,55.45846681952595,137.51680256596327,,,,,,,
217,Sub-Saharan Africa excl ZAF,,SSA,11.45746103,5.616775268,,,,,,,,,,85.03143606704177,133.78931491627011,,,,,,,
218,Sub-Sahran Africa Oil exporters,,SOX,12.29168355,5.309152718,,,,,,,,,,91.22261041966067,126.46187020759996,,,,,,,
219,Sudan,3640.0,SDN,16.40671731,3.663894738,,,,,,,,,23.62383856307187,121.76229361482652,87.27249062554927,,,,,,,
220,Swaziland,,SWZ,8.420601657999999,1.700287487,,,,,,,,,,62.49341365014905,40.50016017953249,,,,,,,
221,Sweden,50514.0,,,,498.4443005,489.92805369999996,478.2606359,483.3350056,484.79896579999996,8.010918952,Stockholm,65.7,327.839170652476,,,100.32616692042566,99.02365349251751,100.8853267951074,101.08527336441367,100.66501337206167,73.69715999309315,127.36433984331192
222,Syria,8193.0,,,,,,,,,,,,53.173106963529634,,,,,,,,,
223,Taiwan,32762.0,,,,,,,,,,Taipei,64.1,212.62752719872546,,,,,,,,,124.26262076036978
224,Tajikistan,5137.0,TJK,19.31136144,4.8,,,,,,,,,33.33946667541215,143.3190818937392,114.33405841547308,,,,,,,
225,"Tanzania, United Rep.",2154.0,TZA,19.95895253,7.093384358,,,,,,,,,13.97960117166396,148.12517289616446,168.96154615645312,,,,,,,
226,Thailand,7029.0,THA,16.40328554,3.98797,,,426.7374913,441.21993430000003,443.99993509999996,2.568491694,Bangkok,52.0,45.61867067577808,121.73682476700867,94.99183227899046,,,90.01692389863858,92.2772759179273,92.19338851163037,23.629067332704786,100.80587019561979
227,Togo,1571.0,TGO,6.232124144,4.818911472,,,,,,,,,10.195892962248877,46.25164897570709,114.78452202888363,,,,,,,
228,Tonga,,TON,7.407847607999999,0.579573922,,,,,,,,,,54.97726927673785,13.805216386256843,,,,,,,
229,Trinidad and Tobago,,TTO,19.78673193,2.0801974999999997,,,,,,,,,,146.8470393812449,49.54946301681689,,,,,,,
230,Tunisia,8966.0,TUN,17.37158229,3.95,,,387.82462960000004,404.0784673,398.04645089999997,0.787889452,,,58.18992762541275,128.923029719045,94.08740223773307,,,81.80856118915113,84.50946414896663,82.65147850806366,7.248258951167889,
231,Turkey,8955.0,TUR,14.18070584,3.8,,,447.984415,475.4914661,463.4129091,5.8696840770000005,Ankara,39.6,58.118536904480386,105.24197104945212,90.51446291224953,,,94.49879566471343,99.44486593413075,96.22435273631002,53.99867969249432,76.76754730281814
232,Turkey,8955.0,TUR,14.18070584,3.8,,,447.984415,475.4914661,463.4129091,5.8696840770000005,Istanbul,49.3,58.118536904480386,105.24197104945212,90.51446291224953,,,94.49879566471343,99.44486593413075,96.22435273631002,53.99867969249432,95.5717192431549
233,Turkmenistan,,TKM,16.614159,9.0,,,,,,,,,,123.3018201080599,214.37635952901206,,,,,,,
234,Tuvalu,,TUV,4.062303893999999,0.5,,,,,,,,,,30.14834900534292,11.90979775161178,,,,,,,
235,Uganda,1775.0,UGA,21.79749155,5.727185572000001,,,,,,,,,11.51986633226719,161.7698724265884,136.41924369693808,,,,,,,
236,Ukraine,11074.0,UKR,11.30796732,2.515955,,,,,,,Kiev,44.9,71.87098578226866,83.92196994614413,59.92903040431283,,,,,,,87.04199176506401
237,United Arab Emirates,,,,,406.7025108,434.0626421,434.0071647,441.70373610000007,448.3702959,3.4751,Dubai,61.3,,,,81.86050867578739,87.73220545495994,91.5504044354019,92.37845881724263,93.10086245321926,31.96949091939808,118.83461236522102
238,United Arab Emirates,,,,,406.7025108,434.0626421,434.0071647,441.70373610000007,448.3702959,3.4751,Abu Dhabi,57.2,,,,81.86050867578739,87.73220545495994,91.5504044354019,92.37845881724263,93.10086245321926,31.96949091939808,110.88645721518178
239,United Kingdom,31617.0,GBR,11.10354725,2.401165,,,493.93423089999993,499.32311510000005,514.1293211,11.83116074,Birmingham,55.8,205.1964021562207,82.40486837647593,57.19477903649781,,,104.19154862257089,104.42904611139568,106.7552503914613,108.84181342792122,108.17245301760738
240,United Kingdom,31617.0,GBR,11.10354725,2.401165,,,493.93423089999993,499.32311510000005,514.1293211,11.83116074,London,73.1,205.1964021562207,82.40486837647593,57.19477903649781,,,104.19154862257089,104.42904611139568,106.7552503914613,108.84181342792122,141.70979060191934
241,United States,43585.0,USA,13.64717684,2.623405,511.21462289999994,498.02916229999994,481.3667863,497.5817181,497.40981150000005,8.77170196,Philadelphia,55.0,282.8695065306284,101.28239074325467,62.48844594113421,102.89655943057141,100.66103956349941,101.54054483869372,104.06484821606125,103.28356464914343,80.6960508065628,106.62159347613631
242,United States,43585.0,USA,13.64717684,2.623405,511.21462289999994,498.02916229999994,481.3667863,497.5817181,497.40981150000005,8.77170196,Panama City,50.8,282.8695065306284,101.28239074325467,62.48844594113421,102.89655943057141,100.66103956349941,101.54054483869372,104.06484821606125,103.28356464914343,80.6960508065628,98.47958088341318
243,United States,43585.0,USA,13.64717684,2.623405,511.21462289999994,498.02916229999994,481.3667863,497.5817181,497.40981150000005,8.77170196,Chicago,65.6,282.8695065306284,101.28239074325467,62.48844594113421,102.89655943057141,100.66103956349941,101.54054483869372,104.06484821606125,103.28356464914343,80.6960508065628,127.17048240062803
244,United States,43585.0,USA,13.64717684,2.623405,511.21462289999994,498.02916229999994,481.3667863,497.5817181,497.40981150000005,8.77170196,Dallas,58.6,282.8695065306284,101.28239074325467,62.48844594113421,102.89655943057141,100.66103956349941,101.54054483869372,104.06484821606125,103.28356464914343,80.6960508065628,113.60046141275615
245,United States,43585.0,USA,13.64717684,2.623405,511.21462289999994,498.02916229999994,481.3667863,497.5817181,497.40981150000005,8.77170196,Atlanta,58.1,282.8695065306284,101.28239074325467,62.48844594113421,102.89655943057141,100.66103956349941,101.54054483869372,104.06484821606125,103.28356464914343,80.6960508065628,112.63117419933673
246,United States,43585.0,USA,13.64717684,2.623405,511.21462289999994,498.02916229999994,481.3667863,497.5817181,497.40981150000005,8.77170196,Los Angeles,62.7,282.8695065306284,101.28239074325467,62.48844594113421,102.89655943057141,100.66103956349941,101.54054483869372,104.06484821606125,103.28356464914343,80.6960508065628,121.5486165627954
247,United States,43585.0,USA,13.64717684,2.623405,511.21462289999994,498.02916229999994,481.3667863,497.5817181,497.40981150000005,8.77170196,Seattle,57.6,282.8695065306284,101.28239074325467,62.48844594113421,102.89655943057141,100.66103956349941,101.54054483869372,104.06484821606125,103.28356464914343,80.6960508065628,111.6618869859173
248,United States,43585.0,USA,13.64717684,2.623405,511.21462289999994,498.02916229999994,481.3667863,497.5817181,497.40981150000005,8.77170196,Miami,56.5,282.8695065306284,101.28239074325467,62.48844594113421,102.89655943057141,100.66103956349941,101.54054483869372,104.06484821606125,103.28356464914343,80.6960508065628,109.52945511639459
249,United States,43585.0,USA,13.64717684,2.623405,511.21462289999994,498.02916229999994,481.3667863,497.5817181,497.40981150000005,8.77170196,Birmingham,55.8,282.8695065306284,101.28239074325467,62.48844594113421,102.89655943057141,100.66103956349941,101.54054483869372,104.06484821606125,103.28356464914343,80.6960508065628,108.17245301760738
250,United States,43585.0,USA,13.64717684,2.623405,511.21462289999994,498.02916229999994,481.3667863,497.5817181,497.40981150000005,8.77170196,San Francisco,62.5,282.8695065306284,101.28239074325467,62.48844594113421,102.89655943057141,100.66103956349941,101.54054483869372,104.06484821606125,103.28356464914343,80.6960508065628,121.16090167742763
251,United States,43585.0,USA,13.64717684,2.623405,511.21462289999994,498.02916229999994,481.3667863,497.5817181,497.40981150000005,8.77170196,New York,75.7,282.8695065306284,101.28239074325467,62.48844594113421,102.89655943057141,100.66103956349941,101.54054483869372,104.06484821606125,103.28356464914343,80.6960508065628,146.75008411170037
252,United States,43585.0,USA,13.64717684,2.623405,511.21462289999994,498.02916229999994,481.3667863,497.5817181,497.40981150000005,8.77170196,Houston,60.7,282.8695065306284,101.28239074325467,62.48844594113421,102.89655943057141,100.66103956349941,101.54054483869372,104.06484821606125,103.28356464914343,80.6960508065628,117.67146770911772
253,United States,43585.0,USA,13.64717684,2.623405,511.21462289999994,498.02916229999994,481.3667863,497.5817181,497.40981150000005,8.77170196,Washington,63.2,282.8695065306284,101.28239074325467,62.48844594113421,102.89655943057141,100.66103956349941,101.54054483869372,104.06484821606125,103.28356464914343,80.6960508065628,122.51790377621484
254,United States,43585.0,USA,13.64717684,2.623405,511.21462289999994,498.02916229999994,481.3667863,497.5817181,497.40981150000005,8.77170196,Boston,62.3,282.8695065306284,101.28239074325467,62.48844594113421,102.89655943057141,100.66103956349941,101.54054483869372,104.06484821606125,103.28356464914343,80.6960508065628,120.77318679205986
255,Uruguay,7949.0,URY,4.5835525089999996,3.161630995,,,409.29156789999996,411.34891899999997,415.8429355,1.372374472,,,51.5895309719391,34.0167905532001,75.30877143135423,,,86.33684330798044,86.03001529684992,86.34679035197084,12.625280774831726,
256,Uzbekistan,,UZB,17.13747698,7.9,,,,,,,,,,127.18561942822248,188.17480447546615,,,,,,,
257,Vanuatu,,VUT,13.54432339,3.2130099999999997,,,,,,,,,,100.51906486022963,76.53259854781233,,,,,,,
258,"Venezuela, RB",11239.0,VEN,9.004971999,0.031177432999999997,,,,,,,,,72.94184659625407,66.83031247617255,0.7426338428888538,,,,,,,
259,Vietnam,4783.0,VNM,21.73846791,6.333459791,,,511.3382075,508.2189904,528.423259,13.2605,Ho Chi Minh City,42.3,31.041983474498014,161.33182905398056,150.86045035755086,,,107.8627808650516,106.2895403361,109.72328364101351,121.99114682647357,82.00169825528302
260,Vietnam,4783.0,VNM,21.73846791,6.333459791,,,511.3382075,508.2189904,528.423259,13.2605,Hanoi,36.9,31.041983474498014,161.33182905398056,150.86045035755086,,,107.8627808650516,106.2895403361,109.72328364101351,121.99114682647357,71.53339635035327
261,West Bank and Gaza,,WBG,6.213706199,4.2,,,,,,,,,,46.114960375269945,100.04230111353895,,,,,,,
262,World (WBG members),,WLT,5.645852012000001,3.2486765810000002,,,,,,,,,,41.90063602619622,77.3821620802153,,,,,,,
263,"Yemen, Rep.",3178.0,YEM,16.31718647,3.1,,,,,,,,,20.62542828391275,121.09784135288513,73.84074605999305,,,,,,,
264,Zambia,1501.0,ZMB,13.95303455,6.536376954,,,,,,,,,9.741588374497494,103.55231077574523,155.6938551008725,,,,,,,
265,Zimbabwe,,ZWE,0.33670152299999995,3.0,,,,,,,,,,2.498827091943431,71.45878650967067,,,,,,,
266,Switzerland,,,,,,,530.931004,509.04024969999995,515.2975235,21.36818887,Geneva,59.4,,,,,,111.99572748319191,106.4612995090995,106.99781920557423,196.57855027004928,115.15132095422722
267,Switzerland,,,,,,,530.931004,509.04024969999995,515.2975235,21.36818887,Zurich,64.1,,,,,,111.99572748319191,106.4612995090995,106.99781920557423,196.57855027004928,124.26262076036978
268,Liechtenstein,,,,,,,534.965083,515.5216541,524.6949923000001,24.84418645,,,,,,,,112.84668478070485,107.81682834100357,108.94913591445889,228.55629855633154,
269,OECD average,,,,,,,494.0464467,496.46286389999995,501.15979339999996,12.591009399999999,,,,,,,,104.21521966468642,103.83084968222542,104.06222138056933,115.83210862402689,
270,Iceland,,,,,,,492.7956972,482.5224399,478.1545962,11.15181158,,,,,,,,103.95138387605023,100.91533238153558,99.2853578822254,102.59208052765341,
271,Russia,,,,,,,,,,,Moscow,52.5,,,,,,,,,,101.77515740903922
272,Russia,,,,,,,,,,,Saint Petersburg,44.1,,,,,,,,,,85.49113222359294
273,Iran,,,,,,,,,,,Tehran,25.0,,,,,,,,,,48.464360670971054
274,Korea,,,,,,,,,,,Seoul,63.0,,,,,,,,,,122.13018889084705
